filename,chapter,figure,source,copyright_status,notes,figure_text
fig_01_01.jpg,1,1,Picryl (Public Domain),Green,SOURCE: https://picryl.com/media/hydraulic-capstan-c-and-a-musker-ltd-1901-ef69b9,"Fig. 1.1 Hydraulic capstan, Liverpool 1901."
fig_01_02.svg,1,2,Self-created,Green,,
fig_01_03.svg,1,3,Self-created,Green,,Fig 1.3. Wrap the rope around a rotating cylinder and it becomes easy to lift heavy loads.
fig_01_04.svg,1,4,Self-created,Green,,"Fig. 1.4.  A rope round a rotating cylinder making contact around a small arc dθ, the tension increases by a small amount dT on account of friction."
fig_01_05a.svg,1,5a,Self-created,Green,,"Fig. 1.5. Forces and velocities on a locked wheel. (a) Car moving forward with velocity v, (b) diagram showing the road moving relative to the wheel."
fig_01_05b.svg,1,5b,Self-created,Green,,"Fig. 1.5. Forces and velocities on a locked wheel. (a) Car moving forward with velocity v, (b) diagram showing the road moving relative to the wheel."
fig_01_06a.svg,1,6a,Self-created,Green,,Fig. 1.6. (a) Frictional and centrifugal force on a turning car. (b) The forces if the hand brake is applied.
fig_01_06b.svg,1,6b,Self-created,Green,,Fig. 1.6. (a) Frictional and centrifugal force on a turning car. (b) The forces if the hand brake is applied.
fig_01_07.svg,1,7,Self-created,Green,,Fig. 1.7. The principle of Ackerman steering. All wheels rotate round the same point. This cyclist is borderline safe in this illustration.
fig_01_08.svg,1,8,Self-created,Green,,Fig. 1.8. The Geometry of Ackerman steering.  The linkage creates the angles shown in Fig 1.7.
fig_01_09a.svg,1,9a,Self-created,Green,,"Fig. 1.9. The Ackerman design isn't perfect but it works pretty well.  Ideally x will always be equal to x0, but this only happens exactly at φ=48 degrees."
fig_01_09b.svg,1,9b,Self-created,Green,,"Fig. 1.9. The Ackerman design isn't perfect but it works pretty well.  Ideally x will always be equal to x0, but this only happens exactly at φ=48 degrees."
fig_01_10a.png,1,10a,Self-created,Green,,Fig. 1.10. (a)  φ = 16° and (b) φ = 48°
fig_01_10b.png,1,10b,Self-created,Green,,Fig. 1.10. (a)  φ = 16° and (b) φ = 48°
fig_01_11.jpg,1,11,tec-science.com,Red,,Fig. 1.11.  An epicyclic or planetary gear. COPYRIGHT INFRINGING.  I HAVE A POOR PHOTO OF A 3D PRINTED PLANETARY GEAT IN CUED.  I COULD GET A BETTER PHOTO
fig_01_12.svg,1,12,Self-created,Green,,Fig. 1.12. It is curious that with a left-handed thread the left pedal of a bicycle pedal doesn't come loose.
fig_01_13.svg,1,13,Mixed origin,Green,"Composite: bicycle image from illustoon.com (https://illustoon.com/?id=7237) - royalty-free, commercial use permitted, editing allowed. Combined with self-drawn elements. CLEARED.",Fig. 1.13.  The right side bicycle pedal
fig_01_14a.svg,1,14a,Self-created,Green,,Fig. 1.14. Exaggerated clearance between the crank and pedal threads.
fig_01_14b.svg,1,14b,Self-created,Green,,Fig. 1.14. Exaggerated clearance between the crank and pedal threads.
fig_01_14c.svg,1,14c,Self-created,Green,,Fig. 1.14. Exaggerated clearance between the crank and pedal threads.
fig_01_15a.svg,1,15a,Self-created,Green,,Fig. 1.15. The R-L circuit model of a dynamo and the voltage generated for slow and fast cycling.
fig_01_15b.svg,1,15b,Self-created,Green,,Fig. 1.15. The R-L circuit model of a dynamo and the voltage generated for slow and fast cycling.
fig_02_01a.jpg,2,1a,zmescience.com / RS Online,Amber,,Fig. 2.1. A sub-ocean cable
fig_02_01b.png,2,1b,zmescience.com / RS Online,Amber,,Fig. 2.1. A sub-ocean cable
fig_02_02.jpg,2,2,ICE Image Library,Red,SOURCE: https://www.ice-imagelibrary.com/image/1084/the-ss-great-eastern-under-way-23-july-1865 - From https://www.ice-imagelibrary.com - needs license purchase,Fig. 2.2. The Great Eastern setting out from Ireland trailing the Cable. The pulses were broadened significantly on arrival and Kelvin explained this by treating the cable as a distributed R-C circuit.  About six to eight words per minute could be sent.
fig_02_03.svg,2,3,Self-created,Green,,"Fig. 2.3.  Heaviside's circuit model of a cable, which now appears in every undergraduate course of electrical engineering.  The parameters per unit length are a resistance R, an inductance L, a capacitance C and a leakage conductance G."
fig_02_04.png,2,4,Self-created,Green,,Fig. 2.4. The input and output voltage of a rectangular unit pulse lasting 0.1 seconds. A 1 volt input voltage for 0.1 seconds (red) and the result at the far end of the cable (blue).
fig_02_05.jpg,2,5,1922 Scientific American,Red,SOURCE: https://atlantic-cable.com/Article/SciAm/sa2.jpg - From https://atlantic-cable.com - 1922 Scientific American - may be public domain due to age,Fig. 2.5. A typical received signal (1922 Scientific American).
fig_02_06.png,2,6,Self-created,Green,,"Fig. 2.6. The calculated decay length in metres for an ADSL line as a function of frequency,  . The decay length is the distance at which the signal whill have dropped to 37% of its original amplitude."
fig_02_07.svg,2,7,Self-created,Green,,Fig. 2.7. The electrostatics of a charge and a conducting sphere.
fig_02_08.png,2,8,Mixed origin,Green,,Fig. 2.8. Current flowing from a sphere in an infinite conducting medium.
fig_02_09a.jpg,2,9a,Wikimedia Commons - Public Domain,Green,,"Fig. 2.9. (a) A cow, (b) a cow equivalent circuit and (c) a human with legs together."
fig_02_09b.png,2,9b,Self-created,Green,,"Fig. 2.9. (a) A cow, (b) a cow equivalent circuit and (c) a human with legs together."
fig_02_09c.png,2,9c,Self-created,Green,,"Fig. 2.9. (a) A cow, (b) a cow equivalent circuit and (c) a human with legs together."
fig_03_01a.jpg,3,1a,landinginnormandy.blogspot.com,Amber,LOW RES: 640x426 - borderline resolution,Fig. 3.1. The Normandy landings.   Note that the tide is very low.
fig_03_01b.jpg,3,1b,Wikimedia Commons - Public Domain,Green,,Fig. 3.1. The Normandy landings.   Note that the tide is very low.
fig_03_02.png,3,2,xkcd,Red,SOURCE: https://xkcd.com/123/ - From https://xkcd.com/123/ - xkcd is CC BY-NC 2.5 - needs attribution; no commercial use,Fig. 3.2. The centrifugal/centripetal force debate.
fig_03_03.svg,3,3,Self-created,Green,,"Fig. 3.3. The earth orbiting the moon and the moon orbiting the earth.  Note that the centre of gravity is actually within the radius of the Earth, but it's shown here outside the Earth for clarity."
fig_03_04.svg,3,4,Self-created,Green,,Fig. 3.4. Bulge in levels of water as due to the difference in forces experienced on either side of the earth.
fig_03_05.svg,3,5,Self-created,Green,,Fig. 3.5. Three masses initially in contact and after a time t.
fig_03_06.svg,3,6,Self-created,Green,,Fig. 3.6. The pressure gradient in curved stream-lines.
fig_03_07.svg,3,7,Self-created,Green,,Fig. 3.7. Distances between the earth and moon used to calculate the height of tides using pressure.
fig_03_08.svg,3,8,Self-created,Green,,Fig. 3.8. Distances between the earth and moon used to calculate the height of tides using acceleration. The accelerations at P and O with the vector distances are shown.
fig_03_09a.svg,3,9a,Self-created,Green,,Fig. 3.9. The components and resultant accelerations at four points on the earth's surface. (a) Accelerations relative to the earth due to the forces from the moon. (b) accelerations resolved tangential and radial to the surface. (c) Tangential components are responsible for moving water on the surface of the earth.
fig_03_09b.svg,3,9b,Self-created,Green,,Fig. 3.9. The components and resultant accelerations at four points on the earth's surface. (a) Accelerations relative to the earth due to the forces from the moon. (b) accelerations resolved tangential and radial to the surface. (c) Tangential components are responsible for moving water on the surface of the earth.
fig_03_09c.svg,3,9c,Self-created,Green,,Fig. 3.9. The components and resultant accelerations at four points on the earth's surface. (a) Accelerations relative to the earth due to the forces from the moon. (b) accelerations resolved tangential and radial to the surface. (c) Tangential components are responsible for moving water on the surface of the earth.
fig_03_10.png,3,10,Self-created,Green,,Fig. 3.10. The acceleration is balanced by gravity at a slope ψ.
fig_04_01.jpg,4,1,BBC One Show screenshot,Red,,Fig.4.1. Slinky spring
fig_04_02.jpg,4,2,opencambridge.cam.ac.uk,Amber,,Fig. 4.2. The Wren Library
fig_04_03.jpg,4,3,Wikimedia Commons - CC BY 2.0,Amber,ATTRIBUTION: By Deglr6328 at English Wikipedia (via flickr user jurvetson); CC BY 2.0; https://commons.wikimedia.org/w/index.php?curid=1511764,Fig. 4.3. Speckled laser light.
fig_04_04.jpg,4,4,Wikimedia Commons - CC BY 3.0,Amber,ATTRIBUTION: By 鳴神響一 (Kyoichi Narukami) - Own work; CC BY 3.0; https://commons.wikimedia.org/w/index.php?curid=17914256,Fig. 4.4. Crepuscular rays at sunset
fig_04_05.jpg,4,5,NASA - CC BY 2.0,Amber,ATTRIBUTION: By NASA Earth Observatory - Crepuscular Rays India; CC BY 2.0; https://commons.wikimedia.org/w/index.php?curid=20106950,Fig. 4.5. Cloud Shadows imaged from above (NASA photograph).
fig_04_06.jpg,4,6,Wikimedia Commons - CC BY-SA 3.0,Amber,ATTRIBUTION: By Wojtow - Own work; CC BY-SA 3.0; https://commons.wikimedia.org/w/index.php?curid=15903390,Fig. 4.6. Anticrepuscular rays (Wikipedia)
fig_04_07.jpeg,4,7,Wikimedia Commons - CC BY-SA 3.0,Amber,ATTRIBUTION: By Jraytram at en.wikipedia; CC BY-SA 3.0; via Wikimedia Commons,"Fig. 4.7. Crepuscular Rays in St Peter's Basilica, Rome (Wikipaedia)"
fig_04_08a.svg,4,8a,Self-created,Green,,Fig. 4.8. Fresnel theory. (a) Plane waves of light can be represented by a number of point sources along the wavefront. (b) Diffraction through an aperture.
fig_04_08b.png,4,8b,Self-created,Amber,LOW RES: 102x180 - very small image needs replacement,Fig. 4.8. Fresnel theory. (a) Plane waves of light can be represented by a number of point sources along the wavefront. (b) Diffraction through an aperture.
fig_04_10.jpeg,4,10,neliti.com publication,Red,SOURCE: https://media.neliti.com/media/publications/119624-ID-estimasi-citra-polarisasi-langit.pdf - From neliti.com PDF - copyright unclear,Fig. 4.10. The polarisation pattern around the sun
fig_04_11.png,4,11,Original manuscript,Green,,Fig. 4.11. Laser light multiply scattered by particles gives rise to a random distribution of intensity.
fig_04_12.png,4,12,Original manuscript,Green,,Fig. 4.12  The Mexican Hat function  OUP:  THERE ARE LOTS OF THESE ONLINE https://www.researchgate.net/publication/262569642_Wavelet_neural_network_applied_for_prognostication_of_contact_pressure_between_soil_and_driving_wheel/figures
fig_04_13.png,4,13,Original manuscript,Amber,,Fig. 4.13 Variation of energy/intensity with distance from the origin
fig_04_14.png,4,14,Original manuscript,Green,,Fig.4.14. Refracted and reflected rays with the direction of the electric field.
fig_05_01a.jpeg,5,1a,Unknown source,Red,SOURCE: https://www.emirates.com/media-centre/emirates-to-receive-final-a380-in-november/ - From Emirates media centre - likely copyrighted,Fig. 5.1. The Airbus 380   OUP:  I DON'T KNOW WHERE THESE IMAGES COME FROM
fig_05_01b.jpeg,5,1b,Unknown source,Red,SOURCE: https://www.facebook.com/photo/?fbid=10152531480905695&set=p.10152531480905695 - From Facebook - likely copyrighted,Fig. 5.1. The Airbus 380   OUP:  I DON'T KNOW WHERE THESE IMAGES COME FROM
fig_05_02a.svg,5,2a,Self-created,Green,,"Fig. 5.2. Flow around a flat sheet for the case of zero viscosity. (a) the flow underneath the sheet is forced to curve but the flow above is unaltered. (b)  pressure distribution along the dotted line (ABC), showing high pressure under the sheet which generates lift."
fig_05_02b.svg,5,2b,Self-created,Green,,"Fig. 5.2. Flow around a flat sheet for the case of zero viscosity. (a) the flow underneath the sheet is forced to curve but the flow above is unaltered. (b)  pressure distribution along the dotted line (ABC), showing high pressure under the sheet which generates lift."
fig_05_03a.svg,5,3a,Self-created,Green,,"Fig 5.3. Flow around a flat sheet with viscosity. (a) The flow underneath and above the sheet is forced to curve. (b)  Pressure distribution along the dotted line (ABC), showing high pressure under the sheet and low pressure above the sheet, which generates more lift."
fig_05_03b.svg,5,3b,Self-created,Green,,"Fig 5.3. Flow around a flat sheet with viscosity. (a) The flow underneath and above the sheet is forced to curve. (b)  Pressure distribution along the dotted line (ABC), showing high pressure under the sheet and low pressure above the sheet, which generates more lift."
fig_05_04.png,5,4,Original manuscript,Red,Flow diagram from unknown manuscript source - origin needs to be identified or image redrawn.,Fig. 5.4.  Potential flow round a sheet. Lift and drag are zero. OUP:  I DON'T KNOW WHERE THESE IMAGES COME FROM
fig_05_05.svg,5,5,Mixed origin,Red,Flow lines from unknown manuscript source - origin needs to be identified or image redrawn.,Fig. 5.5.  Flow round a rotating cylinder.  OUP:  I DON'T KNOW WHERE THESE IMAGES COME FROM
fig_05_06a.svg,5,6a,Mixed origin,Red,Flow lines from unknown manuscript source - origin needs to be identified or image redrawn.,"Fig. 5.6. The flow around an airfoil with zero circulation (a), overview of the flow. (b) Close-up of the trailing edge noting that the flow is unrealistic. (c) Velocity around the airfoil's surface from A to D and back to A.OUP:  I DON'T KNOW WHERE THESE IMAGES COME FROM"
fig_05_06b.svg,5,6b,Original manuscript,Red,From unknown manuscript source - origin needs to be identified or image redrawn.,"Fig. 5.6. The flow around an airfoil with zero circulation (a), overview of the flow. (b) Close-up of the trailing edge noting that the flow is unrealistic. (c) Velocity around the airfoil's surface from A to D and back to A.OUP:  I DON'T KNOW WHERE THESE IMAGES COME FROM"
fig_05_06c.svg,5,6c,Mixed origin,Red,Flow lines from unknown manuscript source - origin needs to be identified or image redrawn.,"Fig. 5.6. The flow around an airfoil with zero circulation (a), overview of the flow. (b) Close-up of the trailing edge noting that the flow is unrealistic. (c) Velocity around the airfoil's surface from A to D and back to A.OUP:  I DON'T KNOW WHERE THESE IMAGES COME FROM"
fig_05_07a.png,5,7a,Original manuscript,Red,Flow diagram from unknown manuscript source - origin needs to be identified or image redrawn.,"Fig. 5.7. The flow around an airfoil with circulation, c = 4.8 (a), overview of the flow. (b) Close-up of the trailing edge noting that the discontinuity has disappeared. (c) Velocity around the airfoil's surface.  OUP:  I DON'T KNOW WHERE THESE IMAGES COME FROM"
fig_05_07b.png,5,7b,Original manuscript,Red,Flow diagram from unknown manuscript source - origin needs to be identified or image redrawn.,"Fig. 5.7. The flow around an airfoil with circulation, c = 4.8 (a), overview of the flow. (b) Close-up of the trailing edge noting that the discontinuity has disappeared. (c) Velocity around the airfoil's surface.  OUP:  I DON'T KNOW WHERE THESE IMAGES COME FROM"
fig_05_07c.png,5,7c,Original manuscript,Red,Flow diagram from unknown manuscript source - origin needs to be identified or image redrawn.,"Fig. 5.7. The flow around an airfoil with circulation, c = 4.8 (a), overview of the flow. (b) Close-up of the trailing edge noting that the discontinuity has disappeared. (c) Velocity around the airfoil's surface.  OUP:  I DON'T KNOW WHERE THESE IMAGES COME FROM"
fig_05_08a.png,5,8a,Original manuscript,Red,Flow diagram from unknown manuscript source - origin needs to be identified or image redrawn.,"Fig. 5.8. Flow around a wing with a flap with (a), c =0 and (b) c = 6.1."
fig_05_08b.png,5,8b,Original manuscript,Red,Flow diagram from unknown manuscript source - origin needs to be identified or image redrawn.,"Fig. 5.8. Flow around a wing with a flap with (a), c =0 and (b) c = 6.1."
fig_05_09.png,5,9,Original manuscript,Red,Flow diagram from unknown manuscript source - origin needs to be identified or image redrawn.,Fig. 5.9.  Streamlines in the ground effect.  OUP:  I DON'T KNOW WHERE THESE IMAGES COME FROM
fig_05_10a.svg,5,10a,Self-created,Green,,"Fig. 5.10. A boat sailing into the wind. (a) a boat moving with velocity v against a wind with velocity w. (b) The velocity of the wind relative to the boat vw/b is obtained by vector subtraction. (c) the wind moving around the curved sail generates a force f normal to the sail with components fv in the direction of the boat velocity and fk, which is a force resisted by the keel."
fig_05_10b.svg,5,10b,Self-created,Green,,"Fig. 5.10. A boat sailing into the wind. (a) a boat moving with velocity v against a wind with velocity w. (b) The velocity of the wind relative to the boat vw/b is obtained by vector subtraction. (c) the wind moving around the curved sail generates a force f normal to the sail with components fv in the direction of the boat velocity and fk, which is a force resisted by the keel."
fig_05_10c.svg,5,10c,Self-created,Green,,"Fig. 5.10. A boat sailing into the wind. (a) a boat moving with velocity v against a wind with velocity w. (b) The velocity of the wind relative to the boat vw/b is obtained by vector subtraction. (c) the wind moving around the curved sail generates a force f normal to the sail with components fv in the direction of the boat velocity and fk, which is a force resisted by the keel."
fig_05_11a.svg,5,11a,Self-created,Green,,"Fig 5.11. A boat sailing downwind faster than the wind (a) the boat moves with velocity v with a wind with velocity w. (b) The velocity of the wind relative to the boat vw/b is obtained by vector subtraction. (c) Even though the boat is moving faster than the wind, there is still a force in the direction of the boat."
fig_05_11b.svg,5,11b,Self-created,Green,,"Fig 5.11. A boat sailing downwind faster than the wind (a) the boat moves with velocity v with a wind with velocity w. (b) The velocity of the wind relative to the boat vw/b is obtained by vector subtraction. (c) Even though the boat is moving faster than the wind, there is still a force in the direction of the boat."
fig_05_11c.svg,5,11c,Self-created,Green,,"Fig 5.11. A boat sailing downwind faster than the wind (a) the boat moves with velocity v with a wind with velocity w. (b) The velocity of the wind relative to the boat vw/b is obtained by vector subtraction. (c) Even though the boat is moving faster than the wind, there is still a force in the direction of the boat."
fig_05_12.png,5,12,Original manuscript,Red,Flow diagram from unknown manuscript source - origin needs to be identified or image redrawn.,Fig. 5.12. Potential flow round a sail.  OUP:  I DON'T KNOW WHERE THESE IMAGES COME FROM
fig_06_01a.png,6,1a,The Guardian / Medium,Red,LOW RES: 460x276 - low resolution | SOURCE: https://www.theguardian.com/culture/2009/may/06/radio-head-zoe-williams - From https://www.theguardian.com - copyrighted,"Fig. 6.1. The ""wireless"", then and now!"
fig_06_01b.png,6,1b,The Guardian / Medium,Red,SOURCE: https://medium.com/@pslcricketmaza/where-to-place-wi-fi-router-for-best-internet-speed-9d784e5e3377 - From Medium blog - copyright unclear,"Fig. 6.1. The ""wireless"", then and now!"
fig_06_02.svg,6,2,Wikimedia Commons - CC BY-SA 3.0,Amber,ATTRIBUTION: By DMGualtieriThis (original) / Chetvorno (modified); CC BY-SA 3.0; https://commons.wikimedia.org/w/index.php?curid=65941520,Fig. 6.2. Hertz's Apparatus.   THIS SEEMS TO BE FROM WIKIP.
fig_06_03a.png,6,3a,leedeforest.org,Amber,Images from https://www.leedeforest.org/The_Audion.html - need to verify copyright/permission,"Fig. 6.3. de Forest's investigation of the use of flames as a detector¬. (a) a flame detector, (b) The flame is replaced by a heated gas in an envelop, (c) The final de Forest company version before it went out of business.  OUP:  These IMAGES  ARE FROM Here:  https://www.leedeforest.org/The_Audion.html"
fig_06_03b.png,6,3b,leedeforest.org,Amber,Images from https://www.leedeforest.org/The_Audion.html - need to verify copyright/permission,"Fig. 6.3. de Forest's investigation of the use of flames as a detector¬. (a) a flame detector, (b) The flame is replaced by a heated gas in an envelop, (c) The final de Forest company version before it went out of business.  OUP:  These IMAGES  ARE FROM Here:  https://www.leedeforest.org/The_Audion.html"
fig_06_03c.png,6,3c,leedeforest.org,Amber,Images from https://www.leedeforest.org/The_Audion.html - need to verify copyright/permission,"Fig. 6.3. de Forest's investigation of the use of flames as a detector¬. (a) a flame detector, (b) The flame is replaced by a heated gas in an envelop, (c) The final de Forest company version before it went out of business.  OUP:  These IMAGES  ARE FROM Here:  https://www.leedeforest.org/The_Audion.html"
fig_06_04a.jpg,6,4a,Wikimedia Commons - CC BY-SA 4.0,Amber,ATTRIBUTION: Photo by ScAvenger; CC BY-SA 4.0; via Wikimedia Commons,"Fig. 6.4.  The triode valve.  Photo: ScAvenger, CC BY-SA 4.0 <https://creativecommons.org/licenses/by-sa/4.0>, via Wikimedia Commons Line diagram - done by Diarmid - original lost"
fig_06_04b.png,6,4b,Self-created,Green,,"Fig. 6.4.  The triode valve.  Photo: ScAvenger, CC BY-SA 4.0 <https://creativecommons.org/licenses/by-sa/4.0>, via Wikimedia Commons Line diagram - done by Diarmid - original lost"
fig_06_05a.svg,6,5a,Self-created,Green,,"Fig. 6.5. The basic triode valve. (a) Principal components, anode, heated cathode and wire mesh. (b) Analysis using image charges."
fig_06_05b.svg,6,5b,Self-created,Green,,"Fig. 6.5. The basic triode valve. (a) Principal components, anode, heated cathode and wire mesh. (b) Analysis using image charges."
fig_06_06.svg,6,6,Self-created,Green,,Figure 6.6.  A complete triode amplifier
fig_07_01a.png,7,1a,Self-created,Green,Recreated - replaces original,Fig. 7.1. Schrodinger's cat: Simultaneously dead and alive!   https://www.popularmechanics.com/science/a43699474/scientists-created-the-fattest-schrodingers-cat-ever/ Underground source unknown
fig_07_01b.png,7,1b,Self-created,Green,Recreated - replaces original,Fig. 7.1. Schrodinger's cat: Simultaneously dead and alive!   https://www.popularmechanics.com/science/a43699474/scientists-created-the-fattest-schrodingers-cat-ever/ Underground source unknown
fig_07_02.svg,7,2,Self-created,Green,,Fig. 7.2. The structure of an alkali metal.
fig_07_03.png,7,3,chegg.com,Red,From https://www.chegg.com/homework-help/questions-and-answers/4-following-plot-shows-vapor-pressure-selected-elements-function-temperature--elements-lis-q45173902 - possible copyright issue. Need permission or replacement.,Fig. 7.3. log vapour pressure plotted against 1/T.
fig_07_04a.svg,7,4a,Self-created,Green,,"Fig. 7.4. Electrons moving around an atom exhibit a characteristic wave function. (a) For a single atom, this is a sinewave whose half wavelength is the diameter of the orbit.  (b) For a molecule or metallic bond, the electrons have access to a wider volume hence the wavelength is longer."
fig_07_04b.svg,7,4b,Self-created,Green,,"Fig. 7.4. Electrons mov  ing around an atom exhibit a characteristic wave function. (a) For a single atom, this is a sinewave whose half wavelength is the diameter of the orbit.  (b) For a molecule or metallic bond, the electrons have access to a wider volume hence the wavelength is longer."
fig_07_05.png,7,5,Self-created,Green,,Fig. 7.5. The lowest four oscillation modes (energy levels) for a 2D membrane (drum skin)
fig_08_01.jpg,8,1,retro-gps.info,Red,From http://retro-gps.info/files/garmin-gps-38.jpg - possible copyright issue. Hugh has one - could take own photo.,"Fig. 8.1. A Garmin GPS38, purchased in 1996.  I wonder if it still works?   HUGH HAS ONE, CAN TAKE A PHOTO OF IT"
fig_08_02.png,8,2,Mixed origin,Red,"Earth image: NASA Blue Marble (Public Domain) - OK, but satellite images may need replacing or source identified. | SOURCE: https://www.nasa.gov/multimedia/imagegallery/image_feature_329.html - NASA Blue Marble - public domain","Fig. 8.2.  Two satellites A and B. Circles are shown on the surface of the Earth, the perimeters of which have equal signal arrival times from each of the satellites."
fig_08_03.svg,8,3,Self-created,Green,,"Fig. 8.3.  The projection of the circles from satellites A (orange) and B (blue) at two times T1 (solid) and T2 (dashed).  The signal at T1 alone fixes the receiver at either R1 or R1'. An additional satellite fix is required to remove the ambiguity. Alternatively, the signal at T2 can be used provided that the receiver is known not to have moved any appreciable distance. In choosing between R2 and R2', R2 makes better sense."
fig_08_04.jpeg,8,4,Original manuscript,Green,,Fig. 8.4.  A solution on a plane for three satellites.  The three solid circles show constant arrival times for three satellites.  Two solutions are possible.
fig_09_01a.jpg,9,1a,Cambridge Engineering (hemh1),Red,LOW RES: 412x232 - very low res and blurry | SOURCE: https://www3.eng.cam.ac.uk/~hemh1/tv.htm - may need permission,Figure 9.1. Barnes Wallis and his Dambusters  OUP:  THE LEFT IMAGE IS FROM DAMBUSTERS: BUILDING THE BOUNCING BOMB 2 MAY 2011 CHANNEL 4 https://www3.eng.cam.ac.uk/~hemh1/tv.htm#DAMBUSTERS   THE RIGHT IMAGE IS FROM WIKI https://en.wikipedia.org/wiki/M%C3%B6hne_Reservoir#/media/File:Mohne_Dam_Breached.jpg
fig_09_01b.jpg,9,1b,Wikimedia Commons - Public Domain,Green,ATTRIBUTION: By Flying Officer Jerry Fray RAF; Public Domain; SOURCE: https://en.wikipedia.org/wiki/M%C3%B6hne_Reservoir#/media/File:Mohne_Dam_Breached.jpg,Figure 9.1. Barnes Wallis and his Dambusters  OUP:  THE LEFT IMAGE IS FROM DAMBUSTERS: BUILDING THE BOUNCING BOMB 2 MAY 2011 CHANNEL 4 https://www3.eng.cam.ac.uk/~hemh1/tv.htm#DAMBUSTERS   THE RIGHT IMAGE IS FROM WIKI https://en.wikipedia.org/wiki/M%C3%B6hne_Reservoir#/media/File:Mohne_Dam_Breached.jpg
fig_09_02.svg,9,2,Self-created,Green,,Figure 9.2. The pressure gradient in curved streamlines
fig_09_03a.svg,9,3a,Self-created,Green,,"Figure 9.3. There is no pressure drop across parallel streamlines. (a) the pressure in the side passage at B is the same as the flow pressure at A. (b) the pressure at the exit of a tube at B is the same as the pressure inside the tube at A and also the same as the outside pressure at C. (c) Where flow comes to rest we have a ""stagnation point"" S where the where the stagnation pressure ps = po + ½ρv2,where v is the flow velocity."
fig_09_03b.svg,9,3b,Self-created,Green,,"Figure 9.3. There is no pressure drop across parallel streamlines. (a) the pressure in the side passage at B is the same as the flow pressure at A. (b) the pressure at the exit of a tube at B is the same as the pressure inside the tube at A and also the same as the outside pressure at C. (c) Where flow comes to rest we have a ""stagnation point"" S where the where the stagnation pressure ps = po + ½ρv2,where v is the flow velocity."
fig_09_03c.svg,9,3c,Self-created,Green,,"Figure 9.3. There is no pressure drop across parallel streamlines. (a) the pressure in the side passage at B is the same as the flow pressure at A. (b) the pressure at the exit of a tube at B is the same as the pressure inside the tube at A and also the same as the outside pressure at C. (c) Where flow comes to rest we have a ""stagnation point"" S where the where the stagnation pressure ps = po + ½ρv2,where v is the flow velocity."
fig_09_04a.png,9,4a,Mixed origin,Red,Flow diagram from unknown manuscript source - origin needs to be identified or image redrawn.,Figure 9.4. Streamlines around a cylinder. (a) The arrows show the direction of the pressure gradient due to centrifugal force. (b) The gauge pressure around the cylinder; red is positive blue is negative.   OUP:  NOT SURE WHERE THESE IMAGES ARE FROM
fig_09_04b.png,9,4b,Original manuscript,Red,Flow diagram from unknown manuscript source - origin needs to be identified or image redrawn.,Figure 9.4. Streamlines around a cylinder. (a) The arrows show the direction of the pressure gradient due to centrifugal force. (b) The gauge pressure around the cylinder; red is positive blue is negative.   OUP:  NOT SURE WHERE THESE IMAGES ARE FROM
fig_09_05a.svg,9,5a,Self-created,Green,,Figure 9.5. (a) A diagram of pitot-static tube and (b) a pitot-static tube under an aircraft wing.
fig_09_05b.png,9,5b,studentpilotguide.co.uk,Amber,SOURCE: https://studentpilotguide.co.uk/what-is-a-pitot - copyright unclear,Figure 9.5. (a) A diagram of pitot-static tube and (b) a pitot-static tube under an aircraft wing.
fig_09_06a.svg,9,6a,Self-created,Green,,"Figure 9.6. The Coanda effect blowing over a sheet of paper. (a) For flow in a straight line the pressures at A and B are the same. Flow over a curved surface will entrain stationary air from below creating curved streamlines. As we saw in Figure 2, this result in a region of low pressure which pulls the flow downwards. (b) the resulting flow follows the surface. With curved streamlines, the pressure at A is lower than at B, causing lift."
fig_09_06b.svg,9,6b,Self-created,Green,,"Figure 9.6. The Coanda effect blowing over a sheet of paper. (a) For flow in a straight line the pressures at A and B are the same. Flow over a curved surface will entrain stationary air from below creating curved streamlines. As we saw in Figure 2, this result in a region of low pressure which pulls the flow downwards. (b) the resulting flow follows the surface. With curved streamlines, the pressure at A is lower than at B, causing lift."
fig_09_07a.jpg,9,7a,Self-created,Green,,Figure 9.7. Examples of the Coanda effect. (a) a ping-pong ball levitated using a hairdryer (b) a representation of the flow showing the curved streamlines with the centre line of the original flow shown dashed. (c) Water being curved by a spoon. (d) The same effect is responsible for dribbly teapots.
fig_09_07b.jpg,9,7b,Self-created,Green,,Figure 9.7. Examples of the Coanda effect. (a) a ping-pong ball levitated using a hairdryer (b) a representation of the flow showing the curved streamlines with the centre line of the original flow shown dashed. (c) Water being curved by a spoon. (d) The same effect is responsible for dribbly teapots.
fig_09_07c.jpg,9,7c,Self-created,Green,,Figure 9.7. Examples of the Coanda effect. (a) a ping-pong ball levitated using a hairdryer (b) a representation of the flow showing the curved streamlines with the centre line of the original flow shown dashed. (c) Water being curved by a spoon. (d) The same effect is responsible for dribbly teapots.
fig_09_07d.jpg,9,7d,arxiv.org paper,Red,SOURCE: https://arxiv.org/PS_cache/arxiv/pdf/0910/0910.3306v1.pdf | Teapot image from arxiv paper 0910.3306 (Physical Review Letters). arXiv license does not grant commercial reuse rights - need author/publisher permission or replace image.,Figure 9.7. Examples of the Coanda effect. (a) a ping-pong ball levitated using a hairdryer (b) a representation of the flow showing the curved streamlines with the centre line of the original flow shown dashed. (c) Water being curved by a spoon. (d) The same effect is responsible for dribbly teapots.
fig_09_08.svg,9,8,Wikimedia Commons - CC BY 3.0,Amber,ATTRIBUTION: By Johannes Rössel - Own work; CC BY 3.0; SOURCE: https://commons.wikimedia.org/w/index.php?curid=5558906,Figure 9.8.  A steam injector
fig_09_09a.jpg,9,9a,Wikimedia Commons - Public Domain,Green,ATTRIBUTION: By Unknown author - State Library of New South Wales 388/Box PXA 4359; Public Domain; https://commons.wikimedia.org/w/index.php?curid=96605253,"Figure 9.9.  A sand casting.  (a) Church bells are commonly fabricated using sand casting. (b) molten iron is poured into a mould created from sand, but care is needed to prevent entrainment of air from the sand into the molten metal which affects the quality of the finished product."
fig_09_09b.png,9,9b,BBC News,Red,SOURCE: https://www.bbc.co.uk/news/uk-england-leicestershire-68246524 - copyrighted,"Figure 9.9.  A sand casting.  (a) Church bells are commonly fabricated using sand casting. (b) molten iron is poured into a mould created from sand, but care is needed to prevent entrainment of air from the sand into the molten metal which affects the quality of the finished product."
fig_09_10.jpg,9,10,Archie (personal photo?),Amber,Believed to be Archie's personal photo - needs confirmation,"Figure 9.10.  The boiler chimney at the Cheddar's Lane Industrial Museum, Cambridge"
fig_09_11a.jpg,9,11a,Shutterstock,Red,SOURCE: https://www.shutterstock.com/image-vector/line-historic-log-heater-hearth-object-1496593727 - From https://www.shutterstock.com - requires license purchase,Figure 9.11. (a) An illustration of a furnace and chimney. (b) The weight of hot air in the chimney is much less than the equivalent column outside
fig_09_11b.svg,9,11b,Self-created,Green,,Figure 9.11. (a) An illustration of a furnace and chimney. (b) The weight of hot air in the chimney is much less than the equivalent column outside
fig_09_12a.svg,9,12a,Self-created,Green,,Figure 9.12 (a) Two cylinders in a wide flow and (b) Two cylinders in a jet
fig_09_12b.svg,9,12b,Self-created,Green,,Figure 9.12 (a) Two cylinders in a wide flow and (b) Two cylinders in a jet
fig_09_13a.jpg,9,13a,royalscotcrystal.com,Red,From https://www.royalscotcrystal.com - copyright issues. Need permission or replacement photo.,Figure 9.13 (a) A perfume atomiser.  OUP:  CAN WE TAKE OUR OWN PHOTO?.(b) Entrainment draws liquid out of vessel. (c) Low pressure in Vena Contracta (Bernoulli) draws liquid out of the vessel
fig_09_13b.png,9,13b,Self-created,Green,,Figure 9.13 (a) A perfume atomiser.  OUP:  CAN WE TAKE OUR OWN PHOTO?.(b) Entrainment draws liquid out of vessel. (c) Low pressure in Vena Contracta (Bernoulli) draws liquid out of the vessel
fig_09_13c.png,9,13c,Self-created,Green,,Figure 9.13 (a) A perfume atomiser.  OUP:  CAN WE TAKE OUR OWN PHOTO?.(b) Entrainment draws liquid out of vessel. (c) Low pressure in Vena Contracta (Bernoulli) draws liquid out of the vessel
fig_09_14a.png,9,14a,Original manuscript,Green,,Figure 9.14. Examples of levitation. (a) A ball in a funnel. (b) a disc levitated using a vacuum cleaner blowing through a hole in a second disc (c) a circular card lifted by blowing through a cotton reel and (d) the flow lines.
fig_09_14b.svg,9,14b,Self-created,Green,,Figure 9.14. Examples of levitation. (a) A ball in a funnel. (b) a disc levitated using a vacuum cleaner blowing through a hole in a second disc (c) a circular card lifted by blowing through a cotton reel and (d) the flow lines.
fig_09_14c.svg,9,14c,Self-created,Green,,Figure 9.14. Examples of levitation. (a) A ball in a funnel. (b) a disc levitated using a vacuum cleaner blowing through a hole in a second disc (c) a circular card lifted by blowing through a cotton reel and (d) the flow lines.
fig_09_14d.svg,9,14d,Self-created,Green,,Figure 9.14. Examples of levitation. (a) A ball in a funnel. (b) a disc levitated using a vacuum cleaner blowing through a hole in a second disc (c) a circular card lifted by blowing through a cotton reel and (d) the flow lines.
fig_09_15.svg,9,15,Mixed origin,Red,Flow lines from unknown manuscript source - origin needs to be identified or image redrawn.,"Figure 9.15.  Flow round a cylinder spinning clockwise, depicting ""back spin"" of a ball moving from right to left. Relative to the ball, flow is from left to right.    OUP:   NOT SURE WHERE THIS FROM"
fig_09_16a.svg,9,16a,Wikimedia Commons - CC BY-SA 2.5,Amber,ATTRIBUTION: By User:Interiot - Modified from File:Vertrag sevres otoman.svg by Thomas Steiner; CC BY-SA 2.5; https://commons.wikimedia.org/w/index.php?curid=5531109,Figure 9.16.  (a) The Bosphorus runs between the Mediterranean and the Black Sea. (b) Cross-section through the Bosphorus.   OUP:   NOT SURE WHERE THIS IS FROM
fig_09_16b.png,9,16b,Original manuscript,Green,,Figure 9.16.  (a) The Bosphorus runs between the Mediterranean and the Black Sea. (b) Cross-section through the Bosphorus.   OUP:   NOT SURE WHERE THIS IS FROM
fig_09_17.jpg,9,17,Wikimedia Commons - GFDL 1.2,Amber,ATTRIBUTION: By Muhammad Mahdi Karim - Shaqadayda; GFDL 1.2; https://commons.wikimedia.org/w/index.php?curid=9084438,Figure 9.17. Kilimanjaro    OUP:   NOT SURE WHERE THIS IS FROM
fig_09_18a.png,9,18a,Shutterstock,Red,SOURCE: https://www.pharmaceutical-technology.com/sponsored/single-use-plastics-pharma/ - From pharmaceutical-technology.com - copyright unclear,Figure 9.18. (a) a fast-moving river. OUP:   NOT SURE WHERE THIS IS FROM   (b) It is easier to move from B to A by going along the bank first. (c) An array of vortices can be averaged to give a surface current and vice-versa.
fig_09_18b.png,9,18b,Original manuscript,Green,,Figure 9.18. (a) a fast-moving river. OUP:   NOT SURE WHERE THIS IS FROM   (b) It is easier to move from B to A by going along the bank first. (c) An array of vortices can be averaged to give a surface current and vice-versa.
fig_09_18c.png,9,18c,Original manuscript,Green,,Figure 9.18. (a) a fast-moving river. OUP:   NOT SURE WHERE THIS IS FROM   (b) It is easier to move from B to A by going along the bank first. (c) An array of vortices can be averaged to give a surface current and vice-versa.
fig_09_19a.png,9,19a,Original manuscript,Green,,Figure 9.19. Blowing out a candle. (a) We start with potential flow (b) Vorticity forms an eddy (c) This produces a jet of air
fig_09_19b.png,9,19b,Original manuscript,Green,,Figure 9.19. Blowing out a candle. (a) We start with potential flow (b) Vorticity forms an eddy (c) This produces a jet of air
fig_09_19c.png,9,19c,Original manuscript,Green,,Figure 9.19. Blowing out a candle. (a) We start with potential flow (b) Vorticity forms an eddy (c) This produces a jet of air
fig_09_20a.png,9,20a,Original manuscript,Green,,Figure 9.20. Trying to suck out a candle. (a) Potential flow with the velocities reversed.  (b) The vorticity moves to the left and the candle doesn't notice any change.
fig_09_20b.png,9,20b,Original manuscript,Green,,Figure 9.20. Trying to suck out a candle. (a) Potential flow with the velocities reversed.  (b) The vorticity moves to the left and the candle doesn't notice any change.
fig_10_01.png,10,1,Imperial College Video Archive,Amber,SOURCE: https://blogs.imperial.ac.uk/videoarchive/prof-eric-laithwaite-uncut-1983/ - may require permission,Fig.10.1 Eric Laithwaite giving his 1974 Royal Institution Christmas Lectures
fig_10_02a.svg,10,2a,Self-created,Green,,"Fig. 10.2. (a) A trolley is moving along a radial track on a rotating turntable. It's speed, v, measured relative to the table is constant but as it moves from P to P′ there is a sideways component of velocity due to the rotation of the table, which reduces with radius. (b) In time t, the trolley has moved from P to P′, but if the track exerted no sideways force on the trolley, it would end up P′′. The sideways force required is called the Coriolis force."
fig_10_02b.png,10,2b,Original manuscript,Green,,"Fig. 10.2. (a) A trolley is moving along a radial track on a rotating turntable. It's speed, v, measured relative to the table is constant but as it moves from P to P′ there is a sideways component of velocity due to the rotation of the table, which reduces with radius. (b) In time t, the trolley has moved from P to P′, but if the track exerted no sideways force on the trolley, it would end up P′′. The sideways force required is called the Coriolis force."
fig_10_03.png,10,3,Met Office (met.ie),Red,SOURCE: https://www.met.ie/climate/climate-of-ireland | LOW RES: 300x225 - very low res and blocky,Fig. 10.3.   A depression crossing north Britain.   OUP:  CAN WE FIND A MODERN ATTRIBUTABLE IMAGE?
fig_10_04.png,10,4,YouTube - Matt Parker,Red,SOURCE: https://youtu.be/pdMZjssrAlk - Screenshot from YouTube - need permission from Matt Parker - should be able to get permission from Matt Parker,Fig. 10.4. Does water go down a plughole in the opposite direction in Australia? Matt Parker does the experiment with a kitchen sink.   HUGH CAN ASK MATT PARKER ABOUT USING THIS IMAGE
fig_10_05a.jpg,10,5a,sciencephoto.com,Red,SOURCE: https://www.sciencephoto.com/media/996980/view/leon-foucault-pendulum-experiment-1851 - requires license purchase,"Fig. 10.5. (a) Jean Bernard Léon Foucault's pendulum experiment in the Pantheon, Paris, in 1851. (b) A pendulum swinging from a point, P, directly above the North pole will swing in a fixed plane while rotates below it. To an observer on the earth, the swing of the pendulum will appear to turn."
fig_10_05b.svg,10,5b,Mixed origin,Red,Earth image from Twinkl (https://www.twinkl.co.uk/parenting-wiki/earth) - likely copyrighted. Need to replace with public domain earth image or get permission.,"Fig. 10.5. (a) Jean Bernard Léon Foucault's pendulum experiment in the Pantheon, Paris, in 1851. (b) A pendulum swinging from a point, P, directly above the North pole will swing in a fixed plane while rotates below it. To an observer on the earth, the swing of the pendulum will appear to turn."
fig_10_06a.png,10,6a,Self-created,Green,,"Fig. 10.6. Gyroscopic precession. (a) A spinning bicycle wheel supported on a string does not fall down, as expected intuitively, but precesses around a vertical axis (b) a side view of the bicycle wheel and its axle. The string pushes up with a force mg exactly equal to the weight of the wheel. The resulting moment mgd is responsible for the gyroscopic effect."
fig_10_06b.svg,10,6b,Self-created,Green,,"Fig. 10.6. Gyroscopic precession. (a) A spinning bicycle wheel supported on a string does not fall down, as expected intuitively, but precesses around a vertical axis (b) a side view of the bicycle wheel and its axle. The string pushes up with a force mg exactly equal to the weight of the wheel. The resulting moment mgd is responsible for the gyroscopic effect."
fig_10_07a.png,10,7a,Self-created,Green,,"Fig. 10.7. A disc spinning in a rotating frame. (a) A rigid frame rotating at angular velocity  contains a disc spinning with angular velocity  The spin axis of the disc is at right angles to the spin axis of the frame. (b) a point, P, on the perimeter of the disc has velocity × r.    OUP:  HUGH DREW THIS"
fig_10_07b.png,10,7b,Self-created,Amber,LOW RES: 402x503 - small but may be acceptable (line drawing),"Fig. 10.7. A disc spinning in a rotating frame. (a) A rigid frame rotating at angular velocity  contains a disc spinning with angular velocity  The spin axis of the disc is at right angles to the spin axis of the frame. (b) a point, P, on the perimeter of the disc has velocity × r.    OUP:  HUGH DREW THIS"
fig_10_08.png,10,8,Self-created,Green,,"Fig. 10.8. The use of angular momentum to describe the gyroscopic effect. A rotor spinning with angular velocity  is fixed to a turntable rotating with angular velocity  with their spin axes at right angles. The couple, Q, is at right angles to both spin axes.   OUP:  HUGH DREW THIS"
fig_10_09a.png,10,9a,Self-created,Amber,LOW RES: 291x646 - blocky/compressed,Fig. 10.9. A bicycle fitted with a reverse spinning wheel used to demonstrate that gyroscopic effects are not significant.   HUGH'S PERSONAL PHOTOS
fig_10_09b.png,10,9b,Self-created,Green,,Fig. 10.9. A bicycle fitted with a reverse spinning wheel used to demonstrate that gyroscopic effects are not significant.   HUGH'S PERSONAL PHOTOS
fig_10_10a.png,10,10a,ResearchGate,Amber,SOURCE: https://www.researchgate.net/figure/Skimming-stones_fig1_301688410 - copyright unclear,"Fig. 10.10. A stone bouncing on water. The force f is off-centre and without the gyroscopic effect of the spinning stone, it would tip over."
fig_10_10b.png,10,10b,Original manuscript,Green,,"Fig. 10.10. A stone bouncing on water. The force f is off-centre and without the gyroscopic effect of the spinning stone, it would tip over."
fig_10_11.png,10,11,Original manuscript,Amber,LOW RES: 545x436 - borderline resolution,Fig. 10.11. The Gyrocompass. A spinning disc will try to align itself to spin axis of the earth    OUP:  NOT SURE WHERE THIS IMAGE IS FROM
fig_10_12a.png,10,12a,https://sailingissues.com/chart-symbols/idealized-tidal-lunar-bulges75.png,Red,"Image from sailingissues.com - unknown copyright. Need to identify license, get permission, or replace. | LOW RES: 503x388 - low resolution",Fig. 10.12. The earth is an oblate spheroid and it is shown here with an inscribed sphere
fig_10_12b.png,10,12b,Original manuscript,Green,,Fig. 10.12. The earth is an oblate spheroid and it is shown here with an inscribed sphere
fig_10_13.png,10,13,Original manuscript,Green,,Fig. 10.13. The bulge on the earth is represented by discrete masses. Forces on these masses depend on their distance to the moon.
fig_10_14a.jpg,10,14a,https://collection.sciencemuseumgroup.org.uk/objects/co526895/progress-toy-gyroscope-1950-1960,Red,Requires permission from Science Museum,Fig. 10.14. A gyroscope on a cone of height h and radius a   OUP:  NOT SURE WHERE THIS IMAGE IS FROM
fig_10_14b.jpg,10,14b,https://www.worthpoint.com/worthopedia/antique-double-circle-gyroscope-made-1900629947,Red,Requires permission from Worthpoint,Fig. 10.14. A gyroscope on a cone of height h and radius a   OUP:  NOT SURE WHERE THIS IMAGE IS FROM
fig_10_14c.png,10,14c,Original manuscript,Green,,Fig. 10.14. A gyroscope on a cone of height h and radius a   OUP:  NOT SURE WHERE THIS IMAGE IS FROM
fig_10_15a.png,10,15a,https://www3.eng.cam.ac.uk/~hemh1/gyroscopes/videoseven.html,Amber,CUED - may need permission,Fig. 10.15. (a) A gyroscope overhanging a shelf. (b) a sideview showing a weight (in red) to stop the stand from tipping over when the gyroscope is vertical. (c) the same weight prevents tipping when the gyroscope is horizontal and precessing. This is counter-intuitive as you would think you need more weight in (c).
fig_10_15b.png,10,15b,Self-created,Green,,Fig. 10.15. (a) A gyroscope overhanging a shelf. (b) a sideview showing a weight (in red) to stop the stand from tipping over when the gyroscope is vertical. (c) the same weight prevents tipping when the gyroscope is horizontal and precessing. This is counter-intuitive as you would think you need more weight in (c).
fig_10_15c.png,10,15c,Self-created,Green,,Fig. 10.15. (a) A gyroscope overhanging a shelf. (b) a sideview showing a weight (in red) to stop the stand from tipping over when the gyroscope is vertical. (c) the same weight prevents tipping when the gyroscope is horizontal and precessing. This is counter-intuitive as you would think you need more weight in (c).
fig_11_01.jpg,11,1,https://link.springer.com/chapter/10.1007/978-3-030-44787-8_2,Red,From Springer book page 126 (162 of pdf) - copyrighted; needs permission | LOW RES: 800x556,Fig. 11.1. The moon came to be after a rogue Mars-sized planet (called Theia) collided with the Earth   OUP:  NOT SURE WHERE THIS IMAGE IS FROM
fig_11_02.png,11,2,Springer book,Red,SOURCE: https://link.springer.com/chapter/10.1007/978-3-030-44787-8_2 - From Springer book page 126 (162 of pdf) - copyrighted; needs permission,Fig. 11.2.  A coupled pair of pendulums   OUP:  NOT SURE WHERE THIS IMAGE IS FROM
fig_11_03a.png,11,3a,Original manuscript,Green,,"Fig. 11.3. (a) mode 1, ω=√(ωo2–k), (b) mode 2, ω=√(ωo2+k) and (c) The sum of modes 1 and 2."
fig_11_03b.png,11,3b,Original manuscript,Green,,"Fig. 11.3. (a) mode 1, ω=√(ωo2–k), (b) mode 2, ω=√(ωo2+k) and (c) The sum of modes 1 and 2."
fig_11_03c.png,11,3c,Original manuscript,Green,,"Fig. 11.3. (a) mode 1, ω=√(ωo2–k), (b) mode 2, ω=√(ωo2+k) and (c) The sum of modes 1 and 2."
fig_11_04.jpg,11,4,Exploratorium,Red,SOURCE: https://www.exploratorium.edu/snacks/coupled-resonant-pendulums-2/print - From https://www.exploratorium.edu - needs permission,Fig. 11.4.  A coupled pendulum experiment with string and coins.  OUP:  NOT SURE WHERE THIS IMAGE IS FROM
fig_11_05.png,11,5,https://link.springer.com/chapter/10.1007/978-3-030-44787-8_2,Red,From Springer book - copyright permission required OR replace with Hugh's own photo | LOW RES: 320x320,Fig. 11.5. Tippe top   OUP:   HUGH SAYS:  I CAN TAKE MY OWN PHOTO - I HAVE A FEW TIPPETOPS
fig_12_01.jpg,12,1,Facebook/British Museum,Red,SOURCE: https://www.facebook.com/britishmuseum/posts/-today-is-the-summer-solstice-the-longest-day-of-the-year-in-the-northern-hemisp/10159935484264723/ - From British Museum Facebook - check usage rights,Fig.12.1. Stonehenge    OUP:  NOT SURE WHERE THIS IMAGE IS FROM
fig_12_02.svg,12,2,Mixed origin,Red,Sun icon from Vecteezy (https://www.vecteezy.com/vector-art/65959914). Free license only allows 50 print copies - need Pro license for book or replace with public domain sun icon.,"Fig. 12.2. The Earth at three points of its orbit A, B and C at time intervals of 23.934 hours. If the earth's orbit around the sun were circular, then the sun would be overhead every 24 hours. On an elliptical orbit the speed of the earth varies depending on where it is in the orbit, so the timing of solar noon"" varies depending on the time of year."""
fig_12_03.png,12,3,Twitter/PhysicsAtSussex,Red,LOW RES: 680x510 - has University of Sussex branding | SOURCE: https://x.com/PhysicsAtSussex/status/1471522760161644551 - From Sussex Physics Twitter - need permission,"Fig. 12.3.  Sunrise, noon and sunset around the winter solstice."
fig_12_04.svg,12,4,Wikimedia Commons - Public Domain,Green,SOURCE: https://upload.wikimedia.org/wikipedia/commons/d/d0/Equinoxes-solstice-EN.svg - Public domain - Author: Divad 2010,Fig. 12.4. An illustration of the sun orbiting the earth (an earth-centred frame of reference is convenient for this analysis). The diagram shows the summer and winter solstices (longest and shortest days) and the two equinoxes.
fig_12_05.svg,12,5,Wikimedia Commons - CC BY-SA 3.0,Amber,ATTRIBUTION: By User:Drini/Zazou (2009); CC BY-SA 3.0; via Wikimedia Commons,Fig. 12.5.  The equation of time.  Day 1 is 1st January. Negative is watch-fast compared with Sun. This includes both the effect of the inclination of plane of the ecliptic and the ellipticity of the Earth's orbit.
fig_12_06a.png,12,6a,Mixed origin - https://earthhow.com/earth-tilt/,Red,"Self-created diagram with embedded earth image from earthhow.com - needs permission or replace with public domain earth image | LOW RES: file may be corrupted (nil dimensions)",Fig. 12.6. Determining the time of sunrise and sunset. (a) a view of the Earth at the winter solstice (northern hemisphere). (b) a view down from the North Pole showing the section at latitude L as a circle of radius r.
fig_12_06b.png,12,6b,Mixed origin,Red,"Earth image from earthhow.com - standard copyright, no permissive license found. Need permission or replace with public domain earth image. | LOW RES: file may be corrupted (nil dimensions)",Fig. 12.6. Determining the time of sunrise and sunset. (a) a view of the Earth at the winter solstice (northern hemisphere). (b) a view down from the North Pole showing the section at latitude L as a circle of radius r.
fig_13_01a.jpg,13,1a,https://en.wikipedia.org/wiki/File:Tacoma-narrows-bridge-collapse.jpg,Green,"Tacoma Narrows Bridge collapse (1940). Courtesy of U.S. Federal Government. Public domain via Wikimedia Commons | LOW RES: 365x300",Fig. 13.1. Well-known engineering failures. (a) The Tacoma Narrows Bridge and (b) the De Havilland Comet aircraft.   OUP:  NOT SURE WHERE THIS IMAGE IS FROM
fig_13_01b.png,13,1b,https://admiralcloudberg.medium.com/neither-money-nor-manpower-the-story-of-the-de-havilland-comet-and-the-crash-of-boac-flight-781-36db2a3435ce,Red,"Diagram by Matthew Tesch from Macarthur Job's 'Air Disaster: Volume 1' - copyright issue; needs permission",Fig. 13.1. Well-known engineering failures. (a) The Tacoma Narrows Bridge and (b) the De Havilland Comet aircraft.   OUP:  NOT SURE WHERE THIS IMAGE IS FROM
fig_13_02.svg,13,2,Self-created,Green,,Fig. 13.2. A structure with Poisson's ratio 1/2√2.
fig_13_03.svg,13,3,Unknown origin,Red,Graph may have been from internet - need to confirm with Hugh if he created it in MATLAB or if external source.,"Fig. 13.3. The variation of energy of an atom with distance from its neighbour (spacing) for n = 9 m = 3. Thermal activation causes vibration, sufficient vibration causes melting and then evaporation.  HUGH DID THIS IN MATLAB"
fig_13_04a.svg,13,4a,Self-created,Green,,Fig. 13.4 (a) Stresses on a unit cube (z perpendicular to the page). (b) hydrostatic stress occurs when the stresses on all faces are equal. (c) and (d) pure shear with σz = 0.
fig_13_04b.svg,13,4b,Self-created,Green,,Fig. 13.4 (a) Stresses on a unit cube (z perpendicular to the page). (b) hydrostatic stress occurs when the stresses on all faces are equal. (c) and (d) pure shear with σz = 0.
fig_13_04c.svg,13,4c,Self-created,Green,,Fig. 13.4 (a) Stresses on a unit cube (z perpendicular to the page). (b) hydrostatic stress occurs when the stresses on all faces are equal. (c) and (d) pure shear with σz = 0.
fig_13_04d.svg,13,4d,Self-created,Green,,Fig. 13.4 (a) Stresses on a unit cube (z perpendicular to the page). (b) hydrostatic stress occurs when the stresses on all faces are equal. (c) and (d) pure shear with σz = 0.
fig_13_05.svg,13,5,Self-created,Green,,
fig_13_06.png,13,6,CUED Preparatory Problems,Amber,"Also found at: https://www.chegg.com/homework-help/questions-and-answers/greatest-instantaneous-acceleration-person-survive-25g-g-acceleration-free-fall-climber-s--q2828660 - Original from CUED; Hugh may be able to get permission | LOW RES: 230x525","Fig.13.6. A climber on a rope AB, anchored at B. The stretch of the rope x needs to be enough so as to avoid a sudden jolt that will injure the climber but not so much as to break the rope.   OUP:   THIS IS FROM CUED PREPARATORY PROBLEMS FOR NEW STUDENTS.  I'M SURE WE CAN GET PERMISSION TO USE IT"
fig_13_07a.jpg,13,7a,https://en.wikipedia.org/wiki/Space_Shuttle_Challenger_disaster#/media/File:Challenger_explosion.jpg,Green,NASA Rogers Commission Report - public domain,Fig 13.7. The Challenger disaster. (a) The aftermath of the explosion and (b) the join and 'O' ring seal.  OUP:  NOT SURE WHERE THESE COME FROM
fig_13_07b.jpg,13,7b,https://upload.wikimedia.org/wikipedia/commons/6/6f/RogersCommission-v1p57.jpg,Green,"Diagram of Space Shuttle SRB field joint assembly from Rogers Commission Report (NASA 1986) - public domain",Fig 13.7. The Challenger disaster. (a) The aftermath of the explosion and (b) the join and 'O' ring seal.  OUP:  NOT SURE WHERE THESE COME FROM
fig_13_08a.png,13,8a,Original manuscript,Amber,LOW RES: 38x113 - extremely small needs replacement,"Fig. 13.8. The 'O' ring seal, (a) the gap widens to allow initial blow past the gap, (b) Higher pressure squashes the 'O' ring to recreate the seal. Unfortunately, the cold temperature on the day meant the 'O' ring was more like glass than rubber."
fig_13_08b.png,13,8b,Original manuscript,Amber,LOW RES: 38x113 - extremely small needs replacement,"Fig. 13.8. The 'O' ring seal, (a) the gap widens to allow initial blow past the gap, (b) Higher pressure squashes the 'O' ring to recreate the seal. Unfortunately, the cold temperature on the day meant the 'O' ring was more like glass than rubber."
fig_13_09.jpg,13,9,Wikimedia Commons - CC BY-SA 3.0,Amber,"ATTRIBUTION: ""Eros bending his bow"" by Ricardo André Frantz (User:Tetraktys); CC BY-SA 3.0; https://commons.wikimedia.org/wiki/File:Cupido4b.jpg",Fig. 13.9. Cupid stringing his bow.  OUP:  NOT SURE WHERE THESE COME FROM
fig_13_10.png,13,10,arco-vienna.at,Red,SOURCE: https://en.arco-vienna.at/archers-paradox.html - From https://en.arco-vienna.at - copyright unclear,Fig.13.10 An arrow when released is subject to a high axial force and it will bend. But if the natural frequency is just right then the vibrating arrow will clear the bow and will go straight.
